{
  "model": "Bidirectional RNN + Word2Vec (CBOW)",
  "test_accuracy": 0.527801513671875,
  "test_loss": 0.8830636143684387,
  "confusion_matrix": [
    [
      135,
      40,
      0
    ],
    [
      146,
      469,
      7
    ],
    [
      219,
      140,
      13
    ]
  ],
  "classification_report": {
    "0": {
      "precision": 0.27,
      "recall": 0.7714285714285715,
      "f1-score": 0.4,
      "support": 175.0
    },
    "1": {
      "precision": 0.7226502311248074,
      "recall": 0.7540192926045016,
      "f1-score": 0.7380015735641228,
      "support": 622.0
    },
    "2": {
      "precision": 0.65,
      "recall": 0.03494623655913978,
      "f1-score": 0.0663265306122449,
      "support": 372.0
    },
    "accuracy": 0.5278015397775877,
    "macro avg": {
      "precision": 0.5475500770416025,
      "recall": 0.5201313668640709,
      "f1-score": 0.4014427013921226,
      "support": 1169.0
    },
    "weighted avg": {
      "precision": 0.6317694129680327,
      "recall": 0.5278015397775877,
      "f1-score": 0.4736616322879721,
      "support": 1169.0
    }
  },
  "class_weights": {
    "0": 2.273965936739659,
    "1": 0.6210792131844763,
    "2": 1.0524774774774774
  }
}