{
  "model": "Bidirectional RNN + Word2Vec (Skip-gram)",
  "test_accuracy": 0.5782720446586609,
  "test_loss": 0.9002678394317627,
  "confusion_matrix": [
    [
      41,
      77,
      57
    ],
    [
      30,
      547,
      45
    ],
    [
      62,
      222,
      88
    ]
  ],
  "classification_report": {
    "0": {
      "precision": 0.3082706766917293,
      "recall": 0.2342857142857143,
      "f1-score": 0.2662337662337662,
      "support": 175.0
    },
    "1": {
      "precision": 0.6465721040189125,
      "recall": 0.8794212218649518,
      "f1-score": 0.7452316076294278,
      "support": 622.0
    },
    "2": {
      "precision": 0.4631578947368421,
      "recall": 0.23655913978494625,
      "f1-score": 0.31316725978647686,
      "support": 372.0
    },
    "accuracy": 0.5782720273738238,
    "macro avg": {
      "precision": 0.47266689181582794,
      "recall": 0.4500886919785374,
      "f1-score": 0.4415442112165569,
      "support": 1169.0
    },
    "weighted avg": {
      "precision": 0.537561979437914,
      "recall": 0.5782720273738238,
      "f1-score": 0.5360335241034924,
      "support": 1169.0
    }
  },
  "class_weights": {
    "1": 0.6210792131844763,
    "2": 1.0524774774774774,
    "0": 2.273965936739659
  }
}