{
  "model": "Bidirectional RNN + TF-IDF)",
  "test_accuracy": 0.5320786833763123,
  "test_loss": 0.9891433715820312,
  "confusion_matrix": [
    [
      0,
      175,
      0
    ],
    [
      0,
      622,
      0
    ],
    [
      0,
      372,
      0
    ]
  ],
  "classification_report": {
    "negative": {
      "precision": 0.0,
      "recall": 0.0,
      "f1-score": 0.0,
      "support": 175.0
    },
    "neutral": {
      "precision": 0.5320786997433704,
      "recall": 1.0,
      "f1-score": 0.6945840312674484,
      "support": 622.0
    },
    "positive": {
      "precision": 0.0,
      "recall": 0.0,
      "f1-score": 0.0,
      "support": 372.0
    },
    "accuracy": 0.5320786997433704,
    "macro avg": {
      "precision": 0.17735956658112348,
      "recall": 0.3333333333333333,
      "f1-score": 0.2315280104224828,
      "support": 1169.0
    },
    "weighted avg": {
      "precision": 0.28310774272059575,
      "recall": 0.5320786997433704,
      "f1-score": 0.36957336821929243,
      "support": 1169.0
    }
  },
  "class_weights": {}
}